{
  "Logistic Regression": {
    "accuracy": 0.814,
    "precision": 0.6016713091922006,
    "recall": 0.833976833976834,
    "f1": 0.6990291262135923,
    "roc_auc": 0.9176110755058123,
    "confusion_matrix": [
      [
        598,
        143
      ],
      [
        43,
        216
      ]
    ]
  },
  "Decision Tree": {
    "accuracy": 0.896,
    "precision": 0.764505119453925,
    "recall": 0.8648648648648649,
    "f1": 0.8115942028985508,
    "roc_auc": 0.9026125605072974,
    "confusion_matrix": [
      [
        672,
        69
      ],
      [
        35,
        224
      ]
    ]
  },
  "Random Forest": {
    "accuracy": 0.922,
    "precision": 0.8467432950191571,
    "recall": 0.8532818532818532,
    "f1": 0.85,
    "roc_auc": 0.9685804948962844,
    "confusion_matrix": [
      [
        701,
        40
      ],
      [
        38,
        221
      ]
    ]
  },
  "SVM": {
    "accuracy": 0.798,
    "precision": 0.5755968169761273,
    "recall": 0.8378378378378378,
    "f1": 0.6823899371069182,
    "roc_auc": 0.9043137990506411,
    "confusion_matrix": [
      [
        581,
        160
      ],
      [
        42,
        217
      ]
    ]
  },
  "XGBoost": {
    "accuracy": 0.924,
    "precision": 0.8401486988847584,
    "recall": 0.8725868725868726,
    "f1": 0.8560606060606061,
    "roc_auc": 0.9750519750519752,
    "confusion_matrix": [
      [
        698,
        43
      ],
      [
        33,
        226
      ]
    ]
  },
  "LightGBM": {
    "accuracy": 0.924,
    "precision": 0.8401486988847584,
    "recall": 0.8725868725868726,
    "f1": 0.8560606060606061,
    "roc_auc": 0.9754115017272911,
    "confusion_matrix": [
      [
        698,
        43
      ],
      [
        33,
        226
      ]
    ]
  }
}