{
  "Logistic Regression": {
    "accuracy": 0.792,
    "precision": 0.5446927374301676,
    "recall": 0.8125,
    "f1": 0.6521739130434783,
    "roc_auc": 0.8829824561403509,
    "confusion_matrix": [
      [
        597,
        163
      ],
      [
        45,
        195
      ]
    ]
  },
  "Decision Tree": {
    "accuracy": 0.841,
    "precision": 0.6310679611650486,
    "recall": 0.8125,
    "f1": 0.7103825136612022,
    "roc_auc": 0.846702302631579,
    "confusion_matrix": [
      [
        646,
        114
      ],
      [
        45,
        195
      ]
    ]
  },
  "Random Forest": {
    "accuracy": 0.884,
    "precision": 0.7108843537414966,
    "recall": 0.8708333333333333,
    "f1": 0.7827715355805244,
    "roc_auc": 0.945734649122807,
    "confusion_matrix": [
      [
        675,
        85
      ],
      [
        31,
        209
      ]
    ]
  },
  "SVM": {
    "accuracy": 0.784,
    "precision": 0.5338983050847458,
    "recall": 0.7875,
    "f1": 0.6363636363636364,
    "roc_auc": 0.8797587719298245,
    "confusion_matrix": [
      [
        595,
        165
      ],
      [
        51,
        189
      ]
    ]
  },
  "XGBoost": {
    "accuracy": 0.895,
    "precision": 0.7472527472527473,
    "recall": 0.85,
    "f1": 0.7953216374269005,
    "roc_auc": 0.9548793859649123,
    "confusion_matrix": [
      [
        691,
        69
      ],
      [
        36,
        204
      ]
    ]
  },
  "LightGBM": {
    "accuracy": 0.892,
    "precision": 0.7426470588235294,
    "recall": 0.8416666666666667,
    "f1": 0.7890625,
    "roc_auc": 0.9568366228070175,
    "confusion_matrix": [
      [
        690,
        70
      ],
      [
        38,
        202
      ]
    ]
  }
}