{
  "Logistic Regression": {
    "accuracy": 0.796,
    "precision": 0.5959885386819485,
    "recall": 0.7675276752767528,
    "f1": 0.6709677419354839,
    "roc_auc": 0.8651339599815752,
    "confusion_matrix": [
      [
        588,
        141
      ],
      [
        63,
        208
      ]
    ]
  },
  "Decision Tree": {
    "accuracy": 0.838,
    "precision": 0.6872852233676976,
    "recall": 0.7380073800738007,
    "f1": 0.7117437722419929,
    "roc_auc": 0.8303899088373599,
    "confusion_matrix": [
      [
        638,
        91
      ],
      [
        71,
        200
      ]
    ]
  },
  "Random Forest": {
    "accuracy": 0.869,
    "precision": 0.7272727272727273,
    "recall": 0.8265682656826568,
    "f1": 0.7737478411053541,
    "roc_auc": 0.9393725418735668,
    "confusion_matrix": [
      [
        645,
        84
      ],
      [
        47,
        224
      ]
    ]
  },
  "SVM": {
    "accuracy": 0.797,
    "precision": 0.6,
    "recall": 0.7527675276752768,
    "f1": 0.6677577741407529,
    "roc_auc": 0.8720432883341178,
    "confusion_matrix": [
      [
        593,
        136
      ],
      [
        67,
        204
      ]
    ]
  },
  "XGBoost": {
    "accuracy": 0.868,
    "precision": 0.7293729372937293,
    "recall": 0.8154981549815498,
    "f1": 0.7700348432055749,
    "roc_auc": 0.9409037300249545,
    "confusion_matrix": [
      [
        647,
        82
      ],
      [
        50,
        221
      ]
    ]
  },
  "LightGBM": {
    "accuracy": 0.873,
    "precision": 0.7416107382550335,
    "recall": 0.8154981549815498,
    "f1": 0.7768014059753954,
    "roc_auc": 0.9445583344722336,
    "confusion_matrix": [
      [
        652,
        77
      ],
      [
        50,
        221
      ]
    ]
  }
}