{
  "Logistic Regression": {
    "accuracy": 0.838,
    "precision": 0.5097276264591439,
    "recall": 0.7844311377245509,
    "f1": 0.6179245283018868,
    "roc_auc": 0.8973697263336472,
    "confusion_matrix": [
      [
        707,
        126
      ],
      [
        36,
        131
      ]
    ]
  },
  "Decision Tree": {
    "accuracy": 0.855,
    "precision": 0.5474137931034483,
    "recall": 0.7604790419161677,
    "f1": 0.6365914786967418,
    "roc_auc": 0.8414575411002725,
    "confusion_matrix": [
      [
        728,
        105
      ],
      [
        40,
        127
      ]
    ]
  },
  "Random Forest": {
    "accuracy": 0.894,
    "precision": 0.6473429951690821,
    "recall": 0.8023952095808383,
    "f1": 0.7165775401069518,
    "roc_auc": 0.9459855798606868,
    "confusion_matrix": [
      [
        760,
        73
      ],
      [
        33,
        134
      ]
    ]
  },
  "SVM": {
    "accuracy": 0.828,
    "precision": 0.4908424908424908,
    "recall": 0.8023952095808383,
    "f1": 0.6090909090909091,
    "roc_auc": 0.8927690836813768,
    "confusion_matrix": [
      [
        694,
        139
      ],
      [
        33,
        134
      ]
    ]
  },
  "XGBoost": {
    "accuracy": 0.893,
    "precision": 0.6630434782608695,
    "recall": 0.7305389221556886,
    "f1": 0.6951566951566952,
    "roc_auc": 0.9449288697514934,
    "confusion_matrix": [
      [
        771,
        62
      ],
      [
        45,
        122
      ]
    ]
  },
  "LightGBM": {
    "accuracy": 0.9,
    "precision": 0.675392670157068,
    "recall": 0.7724550898203593,
    "f1": 0.7206703910614525,
    "roc_auc": 0.949737979023945,
    "confusion_matrix": [
      [
        771,
        62
      ],
      [
        38,
        129
      ]
    ]
  }
}